Class,EA,EB,EC,label_binary,label_multiclass_encoded,label_binary_encoded
Normal,42300000000.0,4840000000.0,15200000000.0,NON_HIF,7,0
Normal,42300000000.0,4840000000.0,15200000000.0,NON_HIF,7,0
Normal,42300000000.0,4840000000.0,15200000000.0,NON_HIF,7,0
Normal,42300000000.0,4840000000.0,15200000000.0,NON_HIF,7,0
Normal,42300000000.0,4840000000.0,15200000000.0,NON_HIF,7,0
Normal,42300000000.0,4840000000.0,15200000000.0,NON_HIF,7,0
Normal,42300000000.0,4840000000.0,15200000000.0,NON_HIF,7,0
Normal,42300000000.0,4840000000.0,15200000000.0,NON_HIF,7,0
Normal,42300000000.0,4840000000.0,15100000000.0,NON_HIF,7,0
Normal,42000000000.0,4840000000.0,15100000000.0,NON_HIF,7,0
Normal,42000000000.0,4840000000.0,15100000000.0,NON_HIF,7,0
Normal,42000000000.0,4840000000.0,15100000000.0,NON_HIF,7,0
Normal,42000000000.0,4840000000.0,15100000000.0,NON_HIF,7,0
Normal,42000000000.0,4840000000.0,15100000000.0,NON_HIF,7,0
Normal,42000000000.0,4840000000.0,15100000000.0,NON_HIF,7,0
LG,42600000000.0,4830000000.0,32600000000.0,NON_HIF,2,0
LG,42600000000.0,4850000000.0,32500000000.0,NON_HIF,2,0
LG,42600000000.0,4890000000.0,30800000000.0,NON_HIF,2,0
LG,42400000000.0,4840000000.0,22500000000.0,NON_HIF,2,0
LG,42400000000.0,4840000000.0,22500000000.0,NON_HIF,2,0
LG,42400000000.0,4860000000.0,21800000000.0,NON_HIF,2,0
LG,42400000000.0,4840000000.0,19800000000.0,NON_HIF,2,0
LG,42400000000.0,4840000000.0,19700000000.0,NON_HIF,2,0
LG,42400000000.0,4850000000.0,19300000000.0,NON_HIF,2,0
LG,42400000000.0,4840000000.0,18500000000.0,NON_HIF,2,0
LG,42400000000.0,4840000000.0,18500000000.0,NON_HIF,2,0
LG,42400000000.0,4850000000.0,18200000000.0,NON_HIF,2,0
LG,42400000000.0,4480000000.0,17800000000.0,NON_HIF,2,0
LG,42400000000.0,4840000000.0,17800000000.0,NON_HIF,2,0
LG,42300000000.0,4850000000.0,17500000000.0,NON_HIF,2,0
LLG,67100000000.0,4940000000.0,32400000000.0,NON_HIF,4,0
LLG,65900000000.0,4960000000.0,32300000000.0,NON_HIF,4,0
LLG,63800000000.0,4950000000.0,31100000000.0,NON_HIF,4,0
LLG,53300000000.0,4880000000.0,22500000000.0,NON_HIF,4,0
LLG,52800000000.0,4890000000.0,22400000000.0,NON_HIF,4,0
LLG,51800000000.0,4880000000.0,21900000000.0,NON_HIF,4,0
LLG,49300000000.0,4860000000.0,19700000000.0,NON_HIF,4,0
LLG,49000000000.0,4870000000.0,19700000000.0,NON_HIF,4,0
LLG,48300000000.0,4870000000.0,19400000000.0,NON_HIF,4,0
LLG,47200000000.0,4850000000.0,18500000000.0,NON_HIF,4,0
LLG,47200000000.0,4860000000.0,18500000000.0,NON_HIF,4,0
LLG,46800000000.0,4860000000.0,18200000000.0,NON_HIF,4,0
LLG,46100000000.0,4850000000.0,17800000000.0,NON_HIF,4,0
LLG,46200000000.0,4850000000.0,17700000000.0,NON_HIF,4,0
LLG,45800000000.0,4850000000.0,17600000000.0,NON_HIF,4,0
LLLG,62900000000.0,1380000000.0,30200000000.0,NON_HIF,5,0
LLLG,67500000000.0,12700000000.0,29300000000.0,NON_HIF,5,0
LLLG,66700000000.0,12500000000.0,32700000000.0,NON_HIF,5,0
LLLG,67800000000.0,1290000000.0,29300000000.0,NON_HIF,5,0
LLLG,65900000000.0,12400000000.0,32700000000.0,NON_HIF,5,0
LLLG,65100000000.0,12400000000.0,32600000000.0,NON_HIF,5,0
LLLG,65900000000.0,12400000000.0,32700000000.0,NON_HIF,5,0
LLLG,62900000000.0,14300000000.0,31500000000.0,NON_HIF,5,0
LLLG,52700000000.0,10400000000.0,24000000000.0,NON_HIF,5,0
LLLG,51500000000.0,7700000000.0,21500000000.0,NON_HIF,5,0
LLLG,53500000000.0,7330000000.0,21100000000.0,NON_HIF,5,0
LLLG,53200000000.0,7290000000.0,22600000000.0,NON_HIF,5,0
LLLG,53700000000.0,7390000000.0,21100000000.0,NON_HIF,5,0
LLLG,52800000000.0,7300000000.0,22500000000.0,NON_HIF,5,0
LLLG,52300000000.0,7300000000.0,22500000000.0,NON_HIF,5,0
LL,42300000000.0,12500000000.0,26600000000.0,NON_HIF,3,0
LL,42300000000.0,12400000000.0,26600000000.0,NON_HIF,3,0
LL,42300000000.0,14000000000.0,28900000000.0,NON_HIF,3,0
LL,42300000000.0,7720000000.0,20000000000.0,NON_HIF,3,0
LL,42300000000.0,7700000000.0,20000000000.0,NON_HIF,3,0
LL,42300000000.0,8280000000.0,20900000000.0,NON_HIF,3,0
LL,42300000000.0,6540000000.0,18200000000.0,NON_HIF,3,0
LL,42300000000.0,6540000000.0,18200000000.0,NON_HIF,3,0
LL,42300000000.0,5940000000.0,17200000000.0,NON_HIF,3,0
LL,42300000000.0,6040000000.0,17300000000.0,NON_HIF,3,0
LL,42300000000.0,6040000000.0,17300000000.0,NON_HIF,3,0
LL,42300000000.0,6270000000.0,17700000000.0,NON_HIF,3,0
LL,42300000000.0,5760000000.0,16900000000.0,NON_HIF,3,0
LL,42300000000.0,5760000000.0,16900000000.0,NON_HIF,3,0
LL,42300000000.0,5940000000.0,17200000000.0,NON_HIF,3,0
HIF,52800000000.0,4860000000.0,15100000000.0,HIF,1,1
HIF,55700000000.0,4880000000.0,15100000000.0,HIF,1,1
HIF,54500000000.0,4910000000.0,15200000000.0,HIF,1,1
HIF,42200000000.0,7860000000.0,15200000000.0,HIF,1,1
HIF,42200000000.0,7820000000.0,15200000000.0,HIF,1,1
HIF,42200000000.0,8720000000.0,15200000000.0,HIF,1,1
HIF,42500000000.0,4840000000.0,23900000000.0,HIF,1,1
HIF,42500000000.0,4850000000.0,23900000000.0,HIF,1,1
HIF,42500000000.0,4870000000.0,23000000000.0,HIF,1,1
HIF,49000000000.0,4860000000.0,15100000000.0,HIF,1,1
HIF,50800000000.0,4870000000.0,15100000000.0,HIF,1,1
HIF,49000000000.0,4860000000.0,15100000000.0,HIF,1,1
HIF,42200000000.0,6460000000.0,15200000000.0,HIF,1,1
HIF,42200000000.0,6450000000.0,15200000000.0,HIF,1,1
HIF,42200000000.0,6930000000.0,15200000000.0,HIF,1,1
LS,352000000000.0,472000000000.0,387000000000.0,NON_HIF,6,0
LS,352000000000.0,472000000000.0,387000000000.0,NON_HIF,6,0
LS,352000000000.0,472000000000.0,387000000000.0,NON_HIF,6,0
LS,352000000000.0,472000000000.0,387000000000.0,NON_HIF,6,0
LS,352000000000.0,472000000000.0,387000000000.0,NON_HIF,6,0
LS,352000000000.0,473000000000.0,387000000000.0,NON_HIF,6,0
LS,352000000000.0,473000000000.0,387000000000.0,NON_HIF,6,0
LS,352000000000.0,473000000000.0,387000000000.0,NON_HIF,6,0
LS,352000000000.0,473000000000.0,387000000000.0,NON_HIF,6,0
LS,352000000000.0,473000000000.0,387000000000.0,NON_HIF,6,0
LS,352000000000.0,473000000000.0,388000000000.0,NON_HIF,6,0
LS,352000000000.0,473000000000.0,388000000000.0,NON_HIF,6,0
LS,352000000000.0,473000000000.0,388000000000.0,NON_HIF,6,0
LS,352000000000.0,473000000000.0,388000000000.0,NON_HIF,6,0
LS,352000000000.0,473000000000.0,388000000000.0,NON_HIF,6,0
CS,1740000000.0,3990000000.0,3800000000.0,NON_HIF,0,0
CS,1740000000.0,3990000000.0,3800000000.0,NON_HIF,0,0
CS,1740000000.0,3990000000.0,3800000000.0,NON_HIF,0,0
CS,1740000000.0,3990000000.0,3800000000.0,NON_HIF,0,0
CS,1740000000.0,3990000000.0,3800000000.0,NON_HIF,0,0
CS,1740000000.0,3990000000.0,3800000000.0,NON_HIF,0,0
CS,1740000000.0,3990000000.0,3800000000.0,NON_HIF,0,0
CS,1740000000.0,3990000000.0,3800000000.0,NON_HIF,0,0
CS,1740000000.0,3990000000.0,3800000000.0,NON_HIF,0,0
CS,1740000000.0,3990000000.0,3800000000.0,NON_HIF,0,0
CS,1740000000.0,3990000000.0,3800000000.0,NON_HIF,0,0
CS,1740000000.0,3990000000.0,3800000000.0,NON_HIF,0,0
CS,1740000000.0,3990000000.0,3800000000.0,NON_HIF,0,0
CS,1740000000.0,3990000000.0,3800000000.0,NON_HIF,0,0
CS,1740000000.0,3990000000.0,3800000000.0,NON_HIF,0,0
