feature,importance,rank
log_ratio_EA_EC,0.15909664377765645,1
EC,0.10124625783253642,2
log_EC,0.09896891387590995,3
mean_energy,0.09444288934188425,4
total_energy,0.08028460600247277,5
energy_imbalance,0.07795132003821229,6
log_ratio_EB_EC,0.07701075322674372,7
min_energy,0.059711098318072586,8
log_EB,0.05585889452765577,9
EB,0.053773739002906905,10
EA,0.03420027751674203,11
log_ratio_EA_EB,0.03173645801775518,12
max_energy,0.02673763527835269,13
energy_spread,0.024708704903080077,14
log_EA,0.024271808340018967,15
